id,search_ip,search_query,domain_type,search_date,city,country
1,145.170.124.130,aerospacehoistrings.com,com,11/10/2018,les Escaldes,Andorra
2,95.209.92.36,zgcmnet.net,net,6/3/2019,Andorra la Vella,Andorra
3,113.14.129.190,portsmouthnhhistoricalbiketours.com,com,6/13/2019,Umm al Qaywayn,United Arab Emirates
4,2.63.230.104,thejoystickjockeys.com,com,5/1/2019,Ras al-Khaimah,United Arab Emirates
5,245.37.181.180,bocacopierservice.com,com,7/30/2018,Khawr Fakkān,United Arab Emirates
6,235.51.244.25,wondercookers.com,com,3/28/2019,Dubai,United Arab Emirates
7,239.104.26.176,rockysavage.com,com,5/19/2019,Dibba Al-Fujairah,United Arab Emirates
8,55.2.114.9,sixthjnumber.top,top,11/23/2018,Dibba Al-Hisn,United Arab Emirates
9,22.177.56.75,pubeventsfinder.co.uk,co,7/8/2018,Sharjah,United Arab Emirates
10,236.83.247.88,howtochooseafinancialadvisor.org,org,12/31/2018,Ar Ruways,United Arab Emirates
11,254.112.112.112,digicam.org,org,4/24/2019,Al Fujayrah,United Arab Emirates
12,46.209.220.160,sommerbekleidung.de,de,11/8/2018,Al Ain,United Arab Emirates
13,129.149.34.12,subaru-sachsen.de,de,12/16/2018,Ajman,United Arab Emirates
14,128.1.61.197,harryhoptoad.com,com,12/18/2018,Adh Dhayd,United Arab Emirates
15,29.9.202.167,grandhotelnatura.nl,nl,2/27/2019,Abu Dhabi,United Arab Emirates
16,205.204.192.212,granadaholding.com,com,4/20/2019,Zaranj,Afghanistan
17,40.82.83.33,nexus13.co.jp,co,1/3/2019,Taloqan,Afghanistan
18,52.243.105.174,acornsf4b.co.uk,co,12/6/2018,Shīnḏanḏ,Afghanistan
19,219.129.209.112,richard-pugh.com,com,5/20/2019,Shibirghān,Afghanistan
20,117.210.168.230,lackawannalandbank.info,info,2/8/2019,Shahrak,Afghanistan
21,167.91.200.182,meimeijiang.com,com,4/1/2019,Sar-e Pul,Afghanistan
22,175.183.51.234,dnapoint.com,com,6/17/2019,Sang-e Chārak,Afghanistan
23,27.138.230.46,egconcreteconstruction.com,com,11/20/2018,Aībak,Afghanistan
24,241.255.182.188,338800.uk,uk,12/3/2018,Rustāq,Afghanistan
25,134.86.147.171,rebeccashealthcare.com,com,10/30/2018,Qarqīn,Afghanistan
26,31.53.42.4,combsandcompany.com,com,3/25/2019,Qarāwul,Afghanistan
27,40.5.10.65,universlavie.org,org,7/11/2018,Pul-e Khumrī,Afghanistan
28,125.193.156.240,hvhv.info,info,1/18/2019,Paghmān,Afghanistan
29,42.74.53.22,freetogames.com,com,9/15/2018,Nahrīn,Afghanistan
30,239.28.65.144,cottageseniorcare.com,com,5/12/2019,Maymana,Afghanistan
31,6.133.70.165,eleaners.nl,nl,12/29/2018,Mehtar Lām,Afghanistan
32,29.128.246.205,produkyaman.com,com,2/24/2019,Mazār-e Sharīf,Afghanistan
33,16.204.253.162,limousineservicehiddenhills.com,com,6/29/2019,Lashkar Gāh,Afghanistan
34,166.182.57.112,inspectionsbyreferral.com,com,12/1/2018,Kushk,Afghanistan
35,214.152.233.226,steinsiek-elektrotechnik.de,de,5/30/2019,Kunduz,Afghanistan
36,135.27.222.49,tapizadosraga.com,com,6/1/2019,Khōst,Afghanistan
37,176.61.248.221,003042.cn,cn,12/16/2018,Khulm,Afghanistan
38,53.208.247.29,theprestigeauto.com,com,11/2/2018,Khāsh,Afghanistan
39,240.39.143.131,brinem.ru,ru,2/2/2019,Khanabad,Afghanistan
40,59.170.246.154,alznwmimags.com,com,1/20/2019,Karukh,Afghanistan
41,201.82.57.248,sensfragrance.eu,eu,6/27/2019,Kandahār,Afghanistan
42,17.116.21.0,locksmithalton.com,com,10/27/2018,Kabul,Afghanistan
43,95.149.10.218,pelagosconstruction.com,com,10/20/2018,Jalālābād,Afghanistan
44,204.199.48.194,ffcu.uk,uk,4/30/2019,Jabal os Saraj,Afghanistan
45,32.0.177.45,061599.xyz,xyz,5/17/2019,Herāt,Afghanistan
46,116.123.151.74,retailfarma.com,com,8/13/2018,Ghormach,Afghanistan
47,95.105.253.229,ecpalaganas.com,com,6/14/2019,Ghazni,Afghanistan
48,54.89.187.195,qq-sy.com,com,2/19/2019,Gereshk,Afghanistan
49,30.32.85.175,giliislandsdiving.tk,tk,11/16/2018,Gardēz,Afghanistan
50,155.68.40.159,voleracademy.ca,ca,11/16/2018,Fayzabad,Afghanistan
51,38.206.222.31,hotelacquaverdegenova.info,info,12/15/2018,Farah,Afghanistan
52,35.29.67.177,wrtqk.com,com,12/17/2018,Kafir Qala,Afghanistan
53,90.142.111.208,getviolent.com,com,3/12/2019,Charikar,Afghanistan
54,204.30.76.191,81886.win,win,10/21/2018,Barakī Barak,Afghanistan
55,101.15.186.223,02680.us,us,4/7/2019,Bāmyān,Afghanistan
56,217.44.76.54,perditaphillips.nl,nl,12/18/2018,Balkh,Afghanistan
57,85.44.183.174,renrenbang.io,io,4/17/2019,Baghlān,Afghanistan
58,143.6.116.123,littlemedia.site,site,5/21/2019,Ārt Khwājah,Afghanistan
59,199.124.86.50,inwardgaze.org,org,6/1/2019,Āsmār,Afghanistan
60,226.26.223.39,nomads-cloud.net,net,1/6/2019,Asadābād,Afghanistan
61,24.39.10.5,uniglobalone.com,com,4/12/2019,Andkhōy,Afghanistan
62,46.32.1.245,gjqss.loan,loan,8/25/2018,Bāzārak,Afghanistan
63,255.32.232.118,coldstonemilltown.com,com,6/6/2019,Markaz-e Woluswalī-ye Āchīn,Afghanistan
64,242.128.194.88,oyun7.co,co,5/14/2019,Saint John’s,Antigua and Barbuda
65,28.71.143.11,westvirginiaoutdoors.com,com,8/26/2018,The Valley,Anguilla
66,27.20.214.111,ishopdavie.com,com,4/15/2019,Sarandë,Albania
67,107.175.153.54,pulau-tioman.de,de,12/29/2018,Kukës,Albania
68,61.233.207.242,make-your-own.com,com,6/22/2019,Korçë,Albania
69,169.102.229.210,golfblackmoor.com,com,5/4/2019,Gjirokastër,Albania
70,72.116.88.11,farinedinsecte.com,com,7/16/2018,Elbasan,Albania
71,6.148.93.200,orovigo.es,es,2/26/2019,Burrel,Albania
72,233.97.209.224,classdelta.com,com,9/24/2018,Vlorë,Albania
73,242.186.24.123,prismaplatten.de,de,8/6/2018,Tirana,Albania
74,13.129.133.49,steamwash.fr,fr,12/29/2018,Shkodër,Albania
75,240.203.249.146,aviland.hu,hu,8/8/2018,Patos Fshat,Albania
76,47.172.24.23,uspreadit.net,net,12/30/2018,Lushnjë,Albania
77,254.132.89.129,aprillash.net,net,3/30/2019,Lezhë,Albania
78,204.156.47.176,school.report,report,2/27/2019,Laç,Albania
79,187.16.37.72,kentuckyrockersbaseball.com,com,7/28/2018,Kuçovë,Albania
80,71.85.16.22,eq-101.uk,uk,7/16/2018,Krujë,Albania
81,189.135.122.52,testedevocacao.com.br,com,4/15/2019,Kavajë,Albania
82,25.213.155.75,goodwoodbooking.com,com,7/13/2018,Fier-Çifçi,Albania
83,137.224.120.132,wolunwogan.org,org,5/20/2019,Fier,Albania
84,178.17.98.120,thebloomcondo.com,com,9/15/2018,Durrës,Albania
85,62.166.219.76,outdoorlifecoaching.nl,nl,9/30/2018,Berat,Albania
86,111.151.254.209,algonquinmoulding.br,br,11/21/2018,Kapan,Armenia
87,189.58.245.29,mervynjonesdrivertraining.co.uk,co,2/13/2019,Goris,Armenia
88,109.55.235.249,manyvids.club,club,1/7/2019,Hats’avan,Armenia
89,198.240.63.227,esasolar.mx,mx,11/28/2018,Artashat,Armenia
90,132.200.85.156,iniciativa.si,si,7/2/2019,Ararat,Armenia
91,54.255.148.229,vendifoodmagazine.net,net,11/8/2018,Yerevan,Armenia
92,73.24.27.6,urbanshowprep.com,com,3/8/2019,Ejmiatsin,Armenia
93,239.200.73.150,thegroveatgeorgetown.com,com,5/30/2019,Spitak,Armenia
94,133.61.20.100,xn--kibrisuakbileti-kmb.com,com,3/27/2019,Sevan,Armenia
95,238.146.164.158,mwautomotive.net,net,9/15/2018,Masis,Armenia
96,98.126.214.131,ocgolfcars.tk,tk,12/5/2018,Vanadzor,Armenia
97,0.129.63.40,flashear-consolas.com,com,10/8/2018,Gavarr,Armenia
98,76.92.39.118,downloadbrnamj.io,io,7/13/2018,Hrazdan,Armenia
99,129.142.165.237,atsm.ir,ir,7/30/2018,Armavir,Armenia
100,20.26.167.250,395318.xyz,xyz,2/25/2019,Gyumri,Armenia
101,133.70.106.3,multicards-gold.com,com,7/24/2018,Ashtarak,Armenia
102,241.107.50.244,fxnetworks.cn,cn,11/8/2018,Abovyan,Armenia
103,67.6.152.170,fluidservice.nl,nl,8/16/2018,Saurimo,Angola
104,132.164.192.40,bylinda.se,se,2/22/2019,Lucapa,Angola
105,128.29.158.253,isar.eu,eu,9/11/2018,Luau,Angola
106,241.110.41.184,nami-hari.com,com,12/18/2018,Uíge,Angola
107,37.151.190.113,neumuehle.ch,ch,11/9/2018,Soio,Angola
108,80.95.56.87,humanesocietymiami.org,org,7/7/2018,Nzeto,Angola
109,39.61.38.105,tamara-wakonig.de,de,2/21/2019,N’dalatando,Angola
110,82.18.120.3,essentialmanskills.com,com,4/4/2019,Mbanza Congo,Angola
111,197.120.106.186,settosoiree.com,com,8/23/2018,Malanje,Angola
112,178.187.116.64,sudabeh.com,com,11/14/2018,Luanda,Angola
113,142.158.205.192,pmconstructora.com,com,7/14/2018,Caxito,Angola
114,244.54.130.8,upfollowz.xyz,xyz,5/17/2019,Cabinda,Angola
115,238.1.60.200,onboardwebapp.com,com,2/23/2019,Sumbe,Angola
116,184.202.73.207,carebeauty.biz,biz,4/4/2019,Namibe,Angola
117,33.7.125.210,topbrass.org,org,6/22/2019,Menongue,Angola
118,83.80.82.114,overlandparkpetdaycare.com,com,12/28/2018,Luena,Angola
119,165.157.55.136,xlrz0633.com,com,8/10/2018,Lubango,Angola
120,9.52.208.164,zhenggongfang.cn,cn,11/12/2018,Longonjo,Angola
121,129.166.63.85,plastichollowboard.net,net,10/26/2018,Lobito,Angola
122,250.42.36.141,iphonecare.vn,vn,6/27/2019,Cuito,Angola
123,227.144.36.141,balken.eu,eu,10/4/2018,Huambo,Angola
124,165.0.126.5,xn--5nq2vl4o5y6b8ub.com,com,9/7/2018,Catumbela,Angola
125,136.193.126.23,hirotravel.com,com,9/25/2018,Catabola,Angola
126,142.37.155.31,b4reality.sk,sk,9/16/2018,Camacupa,Angola
127,208.234.209.186,banquetesadale.com.mx,com,3/27/2019,Caluquembe,Angola
128,234.214.8.121,incaloja.com,com,8/13/2018,Caála,Angola
129,204.219.236.52,dooren.net,net,11/21/2018,Benguela,Angola
130,178.243.14.171,xn--gm4a.com,com,11/5/2018,Zárate,Argentina
131,137.141.185.193,shengbofa08.com,com,1/28/2019,Villa Ocampo,Argentina
132,147.23.172.253,applicationcitygrab.com,com,5/16/2019,Villa Lugano,Argentina
133,107.242.114.127,leanxtreme.com,com,8/1/2018,Villaguay,Argentina
134,70.8.8.121,firegift.tk,tk,8/25/2018,Villa Gesell,Argentina
135,218.14.88.207,flagshipcommercial.uk,uk,6/25/2019,Tigre,Argentina
136,59.20.115.200,navegaybucea.es,es,10/8/2018,Tandil,Argentina
137,242.66.202.47,prepaid-plan.com,com,5/22/2019,San Vicente,Argentina
138,22.1.20.35,g2log.com,com,12/6/2018,Santo Tomé,Argentina
139,251.125.178.117,dengesizkalem.com,com,3/8/2019,Santa Elena,Argentina
140,219.221.202.233,xn--80abhecmlevpfeeajvm5p.xn--p1ai,xn--p1ai,10/13/2018,San Pedro,Argentina
141,63.142.111.89,forumeng-koriyama.jp,jp,9/15/2018,San Luis del Palmar,Argentina
142,33.190.161.176,lfs120.cn,cn,2/25/2019,San Lorenzo,Argentina
143,221.206.0.97,carriejamrogowicz.com,com,1/28/2019,San Javier,Argentina
144,146.132.125.74,isikcatiustasi.com,com,7/27/2018,San Isidro,Argentina
145,70.110.30.215,cakedepositor.com,com,2/10/2019,Saladas,Argentina
146,118.202.3.115,7brg.de,de,1/7/2019,Retiro,Argentina
147,117.212.118.253,gfnl.xin,xin,4/23/2019,Resistencia,Argentina
148,125.213.175.207,palmbeachshoulder.net,net,12/4/2018,Reconquista,Argentina
149,38.122.126.161,news2748e.ru,ru,12/4/2018,Quilmes,Argentina
150,214.65.253.197,wigger.nu,nu,6/18/2019,Puerto Rico,Argentina
151,135.19.149.83,rosevibe.me.uk,me,7/1/2019,Puerto Iguazú,Argentina
152,63.55.142.24,nutsunion.com,com,2/26/2019,Puerto Esperanza,Argentina
153,151.230.170.56,bmw-richoz.ch,ch,8/13/2018,Puerto Eldorado,Argentina
154,237.69.81.235,caiwanzhenn.cn,cn,4/3/2019,Posadas,Argentina
155,250.9.244.10,sammelzubehoer.de,de,1/13/2019,Pontevedra,Argentina
156,124.154.253.207,theolivebranchpub.net,net,5/14/2019,Pirané,Argentina
157,35.221.57.138,yoursalesonsteroids.com,com,10/15/2018,Paso de los Libres,Argentina
158,146.172.6.98,lnsmw.xyz,xyz,9/17/2018,Oberá,Argentina
159,103.91.222.177,iccvbo.com,com,2/17/2019,Necochea,Argentina
160,13.46.72.138,yunshikuang.com,com,12/25/2018,Morón,Argentina
161,44.182.221.31,hattenjack.com,com,6/30/2019,Monte Caseros,Argentina
162,126.180.237.141,24hourmacwifi.com,com,8/29/2018,Montecarlo,Argentina
163,230.39.180.236,katmayers.com,com,3/25/2019,Mercedes,Argentina
164,123.90.223.75,xn--gckgs3czfwdwb2b7kc6483f0oak30cwx0bqw1h.xyz,xyz,5/24/2019,Mercedes,Argentina
165,212.6.82.171,100ml.eu,eu,8/15/2018,Mar del Plata,Argentina
166,223.10.130.238,pbmpdx.com,com,7/30/2018,Luján,Argentina
167,154.81.186.46,factoryoutletspas.nl,nl,11/2/2018,La Plata,Argentina
168,34.6.53.40,nfld.net,net,6/15/2019,La Paz,Argentina
169,11.202.211.87,frioclim.com,com,12/27/2018,Jardín América,Argentina
170,80.195.92.193,villabrughiera.at,at,11/11/2018,Gualeguaychú,Argentina
171,127.167.235.167,kouseisha-syuukatu.com,com,4/11/2019,Gualeguay,Argentina
172,248.33.187.147,sequoialistens.com,com,2/23/2019,Goya,Argentina
173,85.222.219.35,tglg.xyz,xyz,2/3/2019,Gobernador Ingeniero Valentín Virasoro,Argentina
174,133.74.134.107,r5dhl.pw,pw,3/21/2019,General José de San Martín,Argentina
175,18.217.97.37,ctqq.org,org,9/29/2018,Garupá,Argentina
176,126.177.98.50,evolvesoccertraining.com,com,9/30/2018,Formosa,Argentina
177,111.167.62.33,xbnfq.com,com,3/25/2019,Fontana,Argentina
178,69.18.130.223,a42177ylc.com,com,4/2/2019,Federal,Argentina
179,28.3.199.30,jiexunzn.eu,eu,12/27/2018,Esquina,Argentina
180,34.254.76.92,wind-energie.nl,nl,3/4/2019,El Soberbio,Argentina
181,81.197.141.160,lapidaries.com.au,com,5/18/2019,Dolores,Argentina
182,106.103.57.180,pqfxt.com,com,9/28/2018,Curuzú Cuatiá,Argentina
183,191.126.41.23,mycitydailydeals.com,com,5/29/2019,Corrientes,Argentina
184,23.45.89.6,dagroupinc.com,com,5/26/2019,Concordia,Argentina
185,148.244.177.221,femag.com.br,com,2/18/2019,Concepción del Uruguay,Argentina
186,46.252.165.99,naturburschen.xyz,xyz,12/13/2018,Colegiales,Argentina
187,17.156.84.130,ye-jiang.com,com,2/25/2019,Chajarí,Argentina
188,239.207.71.134,authorseditors.cn,cn,10/15/2018,Campana,Argentina
189,27.199.162.177,m-zdorov.ru,ru,10/1/2018,Buenos Aires,Argentina
190,96.5.230.1,karonbeachresort-spa.com,com,10/11/2018,Barranqueras,Argentina
191,150.59.100.134,accademiaolearia.com,com,11/25/2018,Azul,Argentina
192,96.244.62.222,amhtech.ca,ca,4/9/2019,Avellaneda,Argentina
193,87.74.65.127,howtomakemusic.org,org,1/27/2019,Aristóbulo del Valle,Argentina
194,150.73.171.215,lisarachelle.net,net,1/16/2019,Zapala,Argentina
195,161.49.155.180,thetruethem.com,com,11/4/2018,Yerba Buena,Argentina
196,46.156.154.22,21stcenturyclothes.com,com,5/28/2019,Villa Regina,Argentina
197,204.34.248.2,hanghaiwang.xyz,xyz,4/16/2019,Villa Paula de Sarmiento,Argentina
198,248.200.191.69,paperpotty.org,org,10/12/2018,Villa Nueva,Argentina
199,20.152.187.173,donnaconway.com,com,4/7/2019,Villa María,Argentina
200,218.203.222.79,zoomediagroup.com,com,3/26/2019,Villa Dolores,Argentina
201,191.150.67.180,lexusteeside.co.uk,co,2/20/2019,Villa Constitución,Argentina
202,79.8.23.2,my-usedit.com,com,9/21/2018,Villa Carlos Paz,Argentina
203,67.211.34.139,sian-irvine.com,com,7/28/2018,Villa Ángela,Argentina
204,248.132.227.182,staysuffolkli.com,com,5/16/2019,Villa Allende,Argentina
205,129.178.0.166,mp3onmyphone.com,com,8/10/2018,Viedma,Argentina
206,47.236.84.160,studentjobbet.se,se,2/7/2019,Victoria,Argentina
207,8.205.145.166,environmentallyfriendlycleaningproducts.ca,ca,7/25/2018,Vera,Argentina
208,30.209.43.244,magictime.ro,ro,6/4/2019,Venado Tuerto,Argentina
209,77.162.207.127,tamzentemple.com.au,com,11/25/2018,Veinticinco de Mayo,Argentina
210,112.178.247.198,atelier-andrea-daffner.de,de,4/7/2019,Ushuaia,Argentina
211,173.207.245.68,vip-hochzeitsfotografie.com,com,11/8/2018,Unquillo,Argentina
212,213.68.198.172,dafisapunar.com,com,7/9/2018,Tres Isletas,Argentina
213,229.68.61.174,neubauer-touristik.com,com,2/20/2019,Tres Arroyos,Argentina
214,150.89.70.110,tiptopcars.co.uk,co,3/3/2019,Trelew,Argentina
215,241.239.147.192,368833.xyz,xyz,10/25/2018,Termas de Río Hondo,Argentina
216,209.197.83.184,makeyourlookyourown.com,com,3/28/2019,Tartagal,Argentina
217,240.167.164.120,thelocalbulletin.news,news,5/15/2019,Tafí Viejo,Argentina
218,74.2.121.4,josemanuelsantiago.com,com,3/15/2019,Sunchales,Argentina
219,204.93.92.152,comuniazo.de,de,1/15/2019,Santo Tomé,Argentina
220,198.117.194.146,riponplazabowl.com,com,9/4/2018,Santiago del Estero,Argentina
221,66.243.254.56,ourglutenfreeifinder.info,info,10/24/2018,Santa Rosa,Argentina
222,20.157.170.72,ftc-japan.co.jp,co,2/15/2019,Santa Lucía,Argentina
223,64.56.223.121,jizzbob.trade,trade,10/2/2018,Santa Fe de la Vera Cruz,Argentina
224,17.185.28.24,beavertonpick.uk,uk,12/30/2018,San Salvador de Jujuy,Argentina
225,5.91.74.32,hernalser-kulturkreis.at,at,1/15/2019,San Ramón de la Nueva Orán,Argentina
226,36.101.187.137,blendedlearningcompany.com,com,9/9/2018,San Rafael,Argentina
227,248.223.224.124,xn--e-ol8a3n88crw4df7ddoy.com,com,3/1/2019,San Pedro,Argentina
228,9.172.58.191,jordandemocraticparty.info,info,8/4/2018,San Nicolás de los Arroyos,Argentina
229,15.88.66.200,restorenaturally.com.au,com,1/2/2019,San Miguel de Tucumán,Argentina
230,20.206.115.53,joypool.de,de,7/19/2018,San Martín de los Andes,Argentina
231,29.36.166.6,recensiequeens.net,net,1/8/2019,San Martín,Argentina
232,212.99.131.152,srisaa.com,com,3/31/2019,San Luis,Argentina
233,98.120.225.97,qiyu007.com,com,11/16/2018,San Justo,Argentina
234,32.201.122.163,belleplusbeau.com,com,7/3/2019,San Juan,Argentina
235,29.109.173.26,thebuyersmart.com,com,12/15/2018,San José de Jáchal,Argentina
236,17.87.225.179,kimstadlerphotography.com,com,8/11/2018,San Jorge,Argentina
237,155.85.109.65,locabiotal.br,br,2/28/2019,San Francisco,Argentina
238,46.172.107.81,theweirs.co.uk,co,1/5/2019,San Fernando del Valle de Catamarca,Argentina
239,252.155.169.87,epcportal.cn,cn,5/1/2019,San Antonio Oeste,Argentina
240,245.183.150.209,transportwestmidlands.co.uk,co,11/16/2018,Salta,Argentina
241,235.35.108.51,semanticui.net,net,8/15/2018,Rufino,Argentina
242,211.80.89.0,localesenmadrid.com,com,6/5/2019,Rosario,Argentina
243,243.216.2.137,outdoor-trends.biz,biz,9/8/2018,Río Tercero,Argentina
244,146.152.145.222,sommerloch-bs.de,de,4/11/2019,Río Segundo,Argentina
245,187.99.50.103,jikecps.com,com,4/5/2019,Río Gallegos,Argentina
246,169.44.41.111,392291.wang,wang,8/28/2018,Río Cuarto,Argentina
247,126.100.3.235,kal-tech.pl,pl,6/4/2019,Río Ceballos,Argentina
248,172.68.66.247,myjorg.com,com,3/20/2019,Rawson,Argentina
249,92.250.89.224,bompi.info,info,3/3/2019,Rafaela,Argentina
250,57.115.230.21,folhadenoticias.com.br,com,1/7/2019,Quitilipi,Argentina
251,172.216.43.148,guests.eu,eu,1/16/2019,Punta Alta,Argentina
252,64.161.135.72,csblstar.com,com,10/27/2018,Puerto Madryn,Argentina
253,247.160.237.49,simbrella.info,info,6/10/2019,Presidencia Roque Sáenz Peña,Argentina
254,149.244.250.63,hljzzhzls.com,com,7/28/2018,Pocito,Argentina
255,68.76.234.156,artfestpaltinis.ro,ro,4/22/2019,Plottier,Argentina
256,145.146.172.22,googleadsensepackage.tk,tk,10/9/2018,Pergamino,Argentina
257,247.21.130.48,iridescentmedia.info,info,7/20/2018,Pérez,Argentina
258,126.192.149.175,puurfysio.nl,nl,10/5/2018,Paraná,Argentina
259,226.202.166.193,highfrequencywordlist.com,com,9/21/2018,Palpalá,Argentina
260,185.219.246.255,massage-shiatsu-metz.com,com,11/23/2018,Olavarría,Argentina
261,182.147.68.129,lackblech.de,de,9/19/2018,Nueve de Julio,Argentina
262,200.224.186.34,sportotobet54.com,com,7/2/2019,Neuquén,Argentina
263,232.83.135.253,bet365365tiyutouzhu.date,date,10/7/2018,Morteros,Argentina
264,102.11.140.8,mrh4op9olm46m.club,club,3/1/2019,Monteros,Argentina
265,203.23.228.45,airrobics.com,com,2/3/2019,Mendoza,Argentina
266,108.202.150.237,winterjassenheren.nl,nl,9/8/2018,Marcos Juárez,Argentina
267,222.178.122.184,werrolling.com,com,8/25/2018,Machagai,Argentina
268,224.232.50.181,dolphinbuilding.net,net,1/2/2019,Lincoln,Argentina
269,155.124.15.229,naiahealingarts.com,com,1/9/2019,Libertador General San Martín,Argentina
270,225.7.8.222,phantomtek.info,info,9/27/2018,Las Breñas,Argentina
271,100.162.173.81,lancia-groupaparts.com,com,5/5/2019,La Rioja,Argentina
272,226.165.131.123,construcaoereforma-areni.com.br,com,11/2/2018,La Falda,Argentina
273,123.235.105.184,betaplastic.eu,eu,12/3/2018,La Calera,Argentina
274,35.157.201.117,toxypharm.info,info,4/9/2019,Laboulaye,Argentina
275,58.54.95.245,cubadvisor.biz,biz,10/22/2018,Junín,Argentina
276,150.36.4.28,jiuzhouyl.com,com,9/8/2018,Joaquín V. González,Argentina
277,93.162.105.181,fndwhat.us,us,12/11/2018,Jesús María,Argentina
278,83.140.153.64,smartgreeninvestments.com,com,11/14/2018,Granadero Baigorria,Argentina
279,125.112.207.30,shefindsit.tk,tk,1/10/2019,Gobernador Gálvez,Argentina
280,32.208.69.156,6047my.cn,cn,9/10/2018,General Roca,Argentina
281,88.177.139.98,concrete-gmbh.com,com,8/5/2018,General Pinedo,Argentina
282,116.132.155.114,pautoo.info,info,3/24/2019,General Pico,Argentina
283,0.171.105.210,refletindodeus.net,net,11/2/2018,General Enrique Mosconi,Argentina
284,122.29.45.5,monmedecintraitant.com,com,12/26/2018,Gálvez,Argentina
285,228.199.227.13,theandalusian.com.au,com,3/13/2019,Firmat,Argentina
286,227.104.207.130,pj9xx.date,date,11/25/2018,Famaillá,Argentina
287,129.28.132.26,2qtfruit.com,com,1/2/2019,Esquel,Argentina
288,137.117.212.125,tanie-spanie.eu,eu,12/12/2018,Esperanza,Argentina
289,168.87.246.59,788398.com,com,1/3/2019,Embarcación,Argentina
290,123.163.178.150,thescienceofhealth.com,com,1/16/2019,Embalse,Argentina
291,222.69.100.28,patrickblake.co.uk,co,4/14/2019,El Bolsón,Argentina
292,36.236.220.7,riversidepark.at,at,7/24/2018,Diamante,Argentina
293,251.171.106.86,noobits.com,com,2/20/2019,Deán Funes,Argentina
294,89.156.132.183,nlymirvinenorth.org,org,6/9/2019,Cutral-Có,Argentina
295,188.232.21.166,webuy4sale.com,com,2/10/2019,Cruz del Eje,Argentina
296,44.188.30.154,stockwars.us,us,3/30/2019,Crespo,Argentina
297,20.244.226.44,ubuyer.co.uk,co,7/21/2018,Cosquín,Argentina
298,136.45.49.221,sipstahoecity.com,com,3/3/2019,Coronel Suárez,Argentina
299,84.160.15.116,clinger.nl,nl,6/25/2019,Coronda,Argentina
300,146.27.238.179,yourbusinesslawyer.ca,ca,6/26/2019,Córdoba,Argentina
301,134.156.130.196,vinsdusud.com,com,10/22/2018,Comodoro Rivadavia,Argentina
302,2.108.129.125,238897.win,win,5/16/2019,Cipolletti,Argentina
303,201.84.130.17,vns365r.net,net,1/4/2019,Cinco Saltos,Argentina
304,147.137.183.203,gogear.co,co,3/28/2019,Chivilcoy,Argentina
305,167.190.65.58,luftikuss.net,net,3/22/2019,Chimbas,Argentina
306,156.85.85.173,ezdipper.com,com,8/1/2018,Chilecito,Argentina
307,239.149.167.151,epitmeny.hu,hu,2/19/2019,Charata,Argentina
308,123.142.182.196,mahtomedigardenclub.org,org,7/10/2018,Chacabuco,Argentina
309,142.126.62.143,weddingplanningbookreview.com,com,5/19/2019,Centenario,Argentina
310,210.12.85.148,kurzypromanazery.cz,cz,1/17/2019,Caucete,Argentina
311,43.64.55.246,michaelrhys.com,com,12/13/2018,Catriel,Argentina
312,160.149.225.37,tradocs.net,net,2/15/2019,Castelli,Argentina
313,43.204.75.0,broadimpacts.com,com,7/17/2018,Casilda,Argentina
314,83.120.185.84,ihara-en.com,com,9/28/2018,Carcarañá,Argentina
315,57.136.230.231,youmakeadifferance.tk,tk,11/23/2018,Capitán Bermúdez,Argentina
316,175.43.159.175,elycursillo.co.uk,co,1/3/2019,Cañada de Gómez,Argentina
317,111.116.223.142,paisanoscasas.com,com,9/24/2018,Caleta Olivia,Argentina
318,96.75.156.136,252fanates.co.com,co,12/3/2018,Bell Ville,Argentina
319,67.161.50.220,188158.org,org,4/15/2019,Bella Vista,Argentina
320,150.213.174.28,cthomeloans.net,net,12/9/2018,Bahía Blanca,Argentina
321,162.1.88.82,babejoeyestatesales.com,com,7/18/2018,Arroyo Seco,Argentina
322,15.47.157.138,vehicleinsurancepolicy.com,com,3/22/2019,Arroyito,Argentina
323,222.4.209.33,tipsupcafeellicottville.com,com,5/23/2019,Añatuya,Argentina
324,173.137.86.251,rkqr.win,win,3/6/2019,Alta Gracia,Argentina
325,178.251.207.80,217025.xyz,xyz,9/22/2018,Allen,Argentina
326,253.53.1.190,bestchildproofingproducts.com,com,12/12/2018,Alderetes,Argentina
327,9.154.225.255,ampexcavation.com,com,5/11/2019,Albardón,Argentina
328,38.241.96.240,szxrz.com,com,3/2/2019,Aguilares,Argentina
329,175.160.40.65,teahost.com,com,1/2/2019,Villa Santa Rita,Argentina
330,75.3.89.222,turkiyasla.com,com,12/5/2018,Villa Mercedes,Argentina
331,231.49.62.119,festivaltours.co.uk,co,4/19/2019,San Carlos de Bariloche,Argentina
332,125.58.17.165,41747c6op.biz,biz,8/29/2018,Adrogué,Argentina
333,243.222.165.244,xn--cafe-9r9g413df2i3i1b1fo2gmitn.xyz,xyz,5/15/2019,Pago Pago,American Samoa
334,160.124.26.221,redzspeedshop.com,com,2/2/2019,Wolfsberg,Austria
335,0.40.198.62,winconstruction.us,us,5/13/2019,Wiener Neustadt,Austria
336,235.102.176.145,googleplayforum.net,net,6/18/2019,Vienna,Austria
337,250.33.82.228,luxvideos.co,co,5/24/2019,Wels,Austria
338,230.134.102.75,getblastxl.com,com,4/8/2019,Weinzierl bei Krems,Austria
339,60.135.202.209,vitoindustry.com,com,3/11/2019,Villach,Austria
340,93.35.119.47,jewishcreativity.net,net,9/5/2018,Traun,Austria
341,108.89.160.52,cnc-music.net,net,4/16/2019,Traiskirchen,Austria
342,124.76.181.71,zgjlcd.com,com,3/17/2019,Ternitz,Austria
343,226.46.98.176,goldenstorage.com.br,com,12/19/2018,Steyr,Austria
344,224.156.107.251,chunichi-para.jp,jp,6/7/2019,Spittal an der Drau,Austria
345,239.223.240.145,imbuedproductions.com,com,10/4/2018,Schwechat,Austria
346,160.17.27.117,kumarinet.cn,cn,5/17/2019,Sankt Pölten,Austria
347,29.168.4.226,kass.com,com,4/2/2019,Salzburg,Austria
348,44.220.201.185,seventyeightyninety.com,com,6/4/2019,Saalfelden am Steinernen Meer,Austria
349,109.153.99.36,rumju.bid,bid,11/4/2018,Mödling,Austria
350,24.112.178.14,cberner.com,com,6/5/2019,Lustenau,Austria
351,25.50.228.38,snshr.com,com,3/10/2019,Linz,Austria
352,1.151.63.13,rongyishou.loan,loan,5/24/2019,Leonding,Austria
353,226.232.131.225,xn----8sbalhasbh9ahbi6a2ae.xn--p1acf,xn--p1acf,7/29/2018,Leoben,Austria
354,48.223.241.118,rabbitebook.com,com,7/22/2018,Kufstein,Austria
355,211.24.59.245,cottagestay.co.uk,co,2/9/2019,Krems an der Donau,Austria
356,64.203.17.40,tribratanewstasikmalaya.com,com,12/11/2018,Klosterneuburg,Austria
357,167.158.88.37,bianzhao.com,com,10/8/2018,Klagenfurt am Wörthersee,Austria
358,242.104.46.152,nattynames.com,com,4/10/2019,Kapfenberg,Austria
359,199.209.132.42,cnqf.ren,ren,9/5/2018,Innsbruck,Austria
360,63.208.18.56,73573.vip,vip,5/8/2019,Hallein,Austria
361,18.4.221.147,boutiqueluxxa.tk,tk,7/3/2019,Graz,Austria
362,102.153.180.23,zdesign.com.au,com,6/11/2019,Feldkirch,Austria
363,120.146.75.214,craigbullockagency.com,com,11/19/2018,Dornbirn,Austria
364,157.226.3.212,fortressa.com,com,10/28/2018,Bregenz,Austria
365,79.98.34.245,schlosspark-unterleinleiter.de,de,5/12/2019,Braunau am Inn,Austria
366,116.92.136.199,sfkfn.com,com,8/8/2018,Baden,Austria
367,248.23.84.154,versionna.com,com,5/31/2019,Amstetten,Austria
368,49.10.53.139,solarempire.tours,tours,12/15/2018,Ansfelden,Austria
369,52.109.62.245,problemfreebri.de.com,de,9/18/2018,Whyalla,Australia
370,94.166.137.236,kmrgjx.com,com,9/16/2018,Rockingham,Australia
371,114.168.65.227,deine-frage.com,com,1/4/2019,Prospect,Australia
372,208.206.49.132,chocobin.com,com,11/14/2018,Port Hedland,Australia
373,234.147.36.39,vashremont.club,club,7/3/2019,Perth,Australia
374,157.109.213.149,cinemas.sexy,sexy,11/17/2018,Murray Bridge,Australia
375,13.249.75.51,watnapp.nl,nl,11/25/2018,Mount Isa,Australia
376,18.115.109.223,cosmonavtica.spb.ru,spb,12/16/2018,Morphett Vale,Australia
377,44.51.175.179,w1001.ru,ru,12/20/2018,Mandurah,Australia
378,233.87.9.126,sunnah-marriage.com,com,1/9/2019,Kwinana,Australia
379,225.212.82.94,jenniferrydindesigns.com,com,9/29/2018,Kalgoorlie,Australia
380,194.63.244.53,arabic-markets.com,com,1/9/2019,Gosnells,Australia
381,93.71.255.200,top-rank.com.cn,com,12/19/2018,Geraldton,Australia
382,71.148.122.87,hydroprintingequipment.com,com,8/12/2018,Gawler,Australia
383,193.148.158.142,realestatewithbasilia.com,com,7/7/2018,Fremantle,Australia
384,200.3.21.82,erfolgsag.eu,eu,10/28/2018,Darwin,Australia
385,23.1.40.78,compakpkg.com,com,5/8/2019,Busselton,Australia
386,9.235.179.127,verifairmail.com,com,3/11/2019,Bunbury,Australia
387,100.249.56.246,ykeq.wang,wang,2/25/2019,Armadale,Australia
388,5.118.40.169,understandingcars.com,com,5/18/2019,Alice Springs,Australia
389,176.245.245.179,985078.xyz,xyz,7/29/2018,Albany,Australia
390,185.65.59.170,thecopenhagenoffice.dk,dk,5/15/2019,Adelaide,Australia
391,224.81.26.9,entrepreneursatlaw.com,com,8/14/2018,Woodridge,Australia
392,103.223.61.251,dbm.company,company,2/22/2019,Wodonga,Australia
393,239.65.65.124,copefarmswildlifepreserve.eu,eu,5/15/2019,Werribee,Australia
394,11.249.225.204,bfxk.com,com,1/28/2019,Warrnambool,Australia
395,4.143.124.94,tutordaniel.com,com,1/25/2019,Wantirna South,Australia
396,214.118.243.132,middelman.com,com,8/16/2018,Wangaratta,Australia
397,237.69.212.220,saatchi.mobi,mobi,1/14/2019,Wagga Wagga,Australia
398,229.156.100.84,executive-information-services.de,de,5/18/2019,Traralgon,Australia
399,234.172.27.146,kotydomowe.nl,nl,6/5/2019,Townsville,Australia
400,55.196.109.199,clickerbook.com,com,5/11/2019,Toowoomba,Australia
401,84.227.130.155,datasnap.de,de,10/22/2018,Thornbury,Australia
402,81.168.68.253,gorodsamara.org,org,9/28/2018,Thomastown,Australia
403,149.139.254.177,hokkura.jp,jp,5/17/2019,Tarneit,Australia
404,161.92.229.87,horfergroup.com,com,2/4/2019,Taree,Australia
405,116.86.129.105,firstnationspri.de.com,de,4/19/2019,Tamworth,Australia
406,171.198.196.166,app-collector.tk,tk,8/29/2018,Sydney,Australia
407,76.211.129.210,jolinee-design.com,com,1/23/2019,Surfers Paradise,Australia
408,80.43.58.69,nailswithlove.cz,cz,1/24/2019,Sunnybank,Australia
409,71.230.199.214,jenmarie-photography.com,com,11/25/2018,Sunbury,Australia
410,135.66.140.208,artists-plus.net,net,1/8/2019,Port Stephens,Australia
411,72.93.144.103,impresapulizielaperla.info,info,2/16/2019,Springvale,Australia
412,177.116.213.238,firewoodnewyorkposters.store,store,10/15/2018,Southport,Australia
413,236.195.13.38,hnk007.com,com,10/10/2018,South Grafton,Australia
414,201.229.146.2,tatnewsthai.org,org,9/13/2018,Shepparton,Australia
415,63.65.219.23,uredfund.org,org,1/7/2019,Seaford,Australia
416,128.203.167.135,bronwealth.biz,biz,5/7/2019,Saint Kilda,Australia
417,199.50.2.67,tcpcs.com,com,10/9/2018,Saint Albans,Australia
418,168.153.147.192,m9438.cn,cn,11/15/2018,Rowville,Australia
419,83.47.224.148,carpet-shop-barnsley.co.uk,co,12/30/2018,Rockhampton,Australia
420,14.145.241.205,rainboway.com,com,3/6/2019,Richmond,Australia
421,233.230.228.235,pepcontractslimited.co.uk,co,12/27/2018,Reservoir,Australia
422,108.158.120.215,motorgp.org,org,2/8/2019,Queanbeyan,Australia
423,167.53.110.104,wrain.cn,cn,3/14/2019,Quakers Hill,Australia
424,30.86.173.21,nestinterior.no,no,11/6/2018,Preston,Australia
425,6.230.180.168,amicook.co.kr,co,5/5/2019,Port Macquarie,Australia
426,234.162.44.207,germenosboutique.com,com,10/20/2018,Point Cook,Australia
427,25.19.155.189,cme-es.com,com,5/18/2019,Pakenham South,Australia
428,237.25.159.90,psyvise.com,com,6/15/2019,Orange,Australia
429,153.49.30.12,breakingbreadct.com,com,8/16/2018,Nowra,Australia
430,27.90.220.9,difimmo.de,de,3/2/2019,Northcote,Australia
431,2.82.80.159,originshypnosis.com,com,9/3/2018,Noble Park,Australia
432,92.40.89.185,bigzhi.ro.com,ro,4/13/2019,Newcastle,Australia
433,216.255.109.196,htwjf.com,com,8/17/2018,Nerang,Australia
434,54.142.79.216,justcreate.xyz,xyz,12/26/2018,Narre Warren,Australia
435,143.148.63.227,djdnf.com,com,9/15/2018,Narangba,Australia
436,54.48.190.103,jcomputerpro.net,net,12/22/2018,Mulgrave,Australia
437,13.29.213.40,jenniferscleaningdfw.com,com,5/1/2019,Mount Martha,Australia
438,184.15.108.47,jtxy.xyz,xyz,5/14/2019,Mount Gambier,Australia
439,157.23.37.245,capitalforconstruction.net,net,10/26/2018,Mount Eliza,Australia
440,83.151.250.160,coracommealamaison.fr,fr,7/5/2019,Mosman,Australia
441,170.208.55.102,mngtf.pw,pw,2/17/2019,Mornington,Australia
442,125.216.83.247,ahiru.asia,asia,2/23/2019,Morayfield,Australia
443,192.5.154.212,asianmigrantcentre.org,org,11/5/2018,Moe,Australia
444,159.156.251.86,norwegiansearch.com,com,7/2/2019,Mill Park,Australia
445,131.151.82.110,blackhillsflavoredhoney.net,net,3/22/2019,Mildura,Australia
446,125.238.11.92,alhakeema.com,com,9/6/2018,Melton,Australia
447,148.192.157.51,fullcirclephilanthropy.mobi,mobi,7/20/2018,Melbourne,Australia
448,82.182.133.225,trendsettersdental.net,net,8/11/2018,Maryborough,Australia
449,185.34.35.47,gorillabar.nl,nl,6/24/2019,Marrickville,Australia
450,163.37.87.162,reddeervillarvranch.com,com,11/20/2018,Maroubra,Australia
451,250.208.233.80,creativeoptics.com.mx,com,2/24/2019,Maitland,Australia
452,242.78.101.243,questioned.co.uk,co,9/10/2018,Mackay,Australia
453,117.82.81.135,200r.ru,ru,3/12/2019,Liverpool,Australia
454,210.19.193.4,greenvillevideogameparties.com,com,5/9/2019,Lismore,Australia
455,61.177.5.241,0ri7.loan,loan,12/16/2018,Lilydale,Australia
456,255.101.69.30,47607.org,org,9/2/2018,Launceston,Australia
457,253.165.52.92,vinylletteringequipment.uk,uk,5/11/2019,Lara,Australia
458,165.162.118.62,yemajiaoyi.com,com,7/3/2019,Langwarrin,Australia
459,131.241.4.241,sechzigplus.net,net,1/25/2019,Lalor,Australia
460,137.141.9.145,hilltopcorp.tk,tk,6/30/2019,Keysborough,Australia
461,109.243.63.32,turktedarikportali.com,com,8/25/2018,Kew,Australia
462,133.199.183.249,lcp.lu,lu,10/6/2018,Katoomba,Australia
463,125.29.183.73,iopnewportbeach.com,com,3/5/2019,Hornsby,Australia
464,145.73.129.55,xwhl.com,com,4/21/2019,Hobart,Australia
465,58.66.80.229,greekarts.com,com,4/17/2019,Hawthorn South,Australia
466,28.88.193.22,dehoogvliegers.nl,nl,10/20/2018,Hampton Park,Australia
467,114.250.60.120,whtvh.com,com,11/17/2018,Griffith,Australia
468,15.82.240.217,norreurope.com,com,5/26/2019,Greensborough,Australia
469,0.76.223.104,theideacure.com,com,11/22/2018,Granville,Australia
470,51.44.254.110,findgaragesale.info,info,6/14/2019,Goulburn,Australia
471,164.84.6.57,itietogo.org,org,7/12/2018,Gold Coast,Australia
472,23.33.143.212,yucelyagizoglu.ca,ca,11/8/2018,Glenroy,Australia
473,145.28.178.24,movesos.eu,eu,5/4/2019,Glenferrie,Australia
474,224.229.125.55,ankern.at,at,11/16/2018,Gladstone,Australia
475,246.215.15.14,stmconfo.com,com,4/30/2019,Geelong,Australia
476,233.161.159.249,elizaandethan.com,com,6/18/2019,Frankston East,Australia
477,105.55.122.230,resolvenet.com,com,3/11/2019,Frankston,Australia
478,175.211.174.142,dndy.net.cn,net,2/10/2019,Forster,Australia
479,49.146.108.250,globaltopspeakers.com,com,2/6/2019,Essendon,Australia
480,237.163.142.203,ukmp3song.com,com,4/24/2019,Epping,Australia
481,148.215.1.132,icinga-konferenz.de,de,5/18/2019,Epping,Australia
482,174.167.122.113,excellent-wisdom-to-ownpushingforth.info,info,9/22/2018,Engadine,Australia
483,206.79.184.138,glazer.com.tr,com,11/14/2018,Eltham,Australia
484,132.223.39.39,csgomaster.com,com,1/6/2019,Echuca,Australia
485,47.164.171.199,jbchemconsulting.com,com,2/14/2019,Earlwood,Australia
486,196.41.119.136,bestconcealedcarrypursestore.com,com,10/12/2018,Dubbo,Australia
487,148.163.13.204,military-medical-cases.com,com,11/13/2018,Doncaster East,Australia
488,177.241.177.176,percayakah.com,com,2/13/2019,Doncaster,Australia
489,34.137.199.43,ormycjmncs.top,top,4/25/2019,Devonport,Australia
490,191.175.107.56,xn--l-jeuqci9dtoo57sg68a.xyz,xyz,8/5/2018,Deer Park,Australia
491,213.147.227.160,telefonsex-thai-girls.de,de,4/11/2019,Deception Bay,Australia
492,99.68.188.100,jeweleryindia.com,com,2/21/2019,Dandenong,Australia
493,21.229.137.78,homcaresf.uk,uk,3/10/2019,Cronulla,Australia
494,180.231.24.208,diaryofa50yearoldculinarystudent.com,com,10/29/2018,Cranbourne,Australia
495,183.35.173.28,novanova.co.kr,co,6/26/2019,Cranbourne,Australia
496,223.236.67.5,locksmith-phoenix.com,com,8/20/2018,Craigieburn,Australia
497,222.90.129.32,perfectplus.co.il,co,8/26/2018,Coffs Harbour,Australia
498,17.56.180.196,chlopcyzplacubroni.pl,pl,9/24/2018,Coburg,Australia
499,92.80.26.68,statsprofessor.com,com,1/15/2019,Clayton,Australia
500,128.133.191.62,unitedengineeringworks.com,com,10/24/2018,Wollongong,Australia
501,218.155.58.184,rankitlocalseo.info,info,8/1/2018,Cessnock,Australia
502,61.49.14.77,micro-contact.com,com,5/12/2019,Castle Hill,Australia
503,169.99.102.96,herekittykitty.biz,biz,2/4/2019,Carrum Downs,Australia
504,58.136.211.78,newyorksneaker.com,com,12/9/2018,Carnegie,Australia
505,76.133.200.44,dvnz.site,site,2/16/2019,Carlingford,Australia
506,57.27.107.15,montbarc.net,net,3/16/2019,Caringbah,Australia
507,93.114.247.25,intelwizard.com,com,11/8/2018,Canberra,Australia
508,159.24.187.218,nick-beim.net,net,10/22/2018,Camberwell,Australia
509,213.69.14.54,oldetowneproperties.com,com,10/9/2018,Caloundra,Australia
510,114.30.83.165,lohmar-zahnarzt.center,center,5/19/2019,Cairns,Australia
511,39.218.141.216,dienstleistungsmarketing-blog.de,de,10/8/2018,Caboolture,Australia
512,77.113.251.226,clq.space,space,12/25/2018,Burnie,Australia
513,91.6.151.241,chirobiomechanics.com,com,4/25/2019,Bundaberg,Australia
514,28.238.228.78,cumoa.net,net,9/27/2018,Buderim,Australia
515,6.137.54.91,jersey-boys-theatre-breaks.com,com,4/4/2019,Brunswick,Australia
516,107.113.159.196,youlabpay.com,com,4/20/2019,Broken Hill,Australia
517,11.49.225.109,ibjs.org,org,6/13/2019,Brisbane,Australia
518,51.10.198.175,victoriaparivar.org,org,10/29/2018,Boronia,Australia
519,14.143.42.178,liesbethkradolfer.nl,nl,4/1/2019,Blacktown,Australia
520,86.255.221.93,mainecoonadoptions.nl,nl,2/13/2019,Berwick,Australia
521,179.204.35.116,francobocchi.it,it,8/21/2018,Bendigo,Australia
522,11.167.168.38,yzgslvshi.com,com,8/21/2018,Baulkham Hills,Australia
523,110.209.154.221,deouderemedewerker.nl,nl,12/6/2018,Bathurst,Australia
524,4.190.228.68,leasexpertz.com,com,10/30/2018,Banora Point,Australia
525,238.25.64.135,filmplakat.de,de,3/27/2019,Bankstown,Australia
526,227.116.95.50,jabberwiki.org,org,1/13/2019,Ballarat,Australia
527,50.207.179.176,821639.win,win,10/15/2018,Auburn,Australia
528,170.176.138.136,ians.es,es,12/30/2018,Ashfield,Australia
529,186.240.97.188,adriennefashions1.com,com,4/14/2019,Armidale,Australia
530,120.235.224.56,sadistic-bdsm.com,com,8/30/2018,Albury,Australia
531,0.253.50.151,consumidor.gob.mx,gob,6/20/2019,South Brisbane,Australia
532,129.239.211.133,cintronlaw.com,com,7/9/2018,Cheltenham,Australia
533,55.36.192.126,666bmw.net.cn,net,5/11/2019,Randwick,Australia
534,129.204.64.145,wuqz18.co.cc,co,10/23/2018,Dee Why,Australia
535,127.8.56.190,newguyattheoffice.com,com,2/12/2019,Umina,Australia
536,37.250.228.234,personalprofil.eu,eu,7/21/2018,Palmerston,Australia
537,7.249.127.214,sementibiologiche.eu,eu,9/1/2018,Bracken Ridge,Australia
538,122.83.192.249,gemeinschaft50plus.de,de,12/23/2018,North Ryde,Australia
539,167.253.244.5,mykasmischief.com,com,7/5/2019,Hoppers Crossing,Australia
540,8.204.139.184,activityphoto.com,com,3/11/2019,Logan City,Australia
541,221.191.71.149,ringtonehell.co.uk,co,2/16/2019,Carindale,Australia
542,216.240.226.243,orsay.sex,sex,5/22/2019,Paramatta,Australia
543,38.201.213.172,faulknerinsurance.uk,uk,1/24/2019,Ferntree Gully,Australia
544,64.135.202.91,niibori-school.com,com,8/15/2018,City of Parramatta,Australia
545,3.74.54.109,cleaningwithrobots.com,com,12/15/2018,Adelaide Hills,Australia
546,164.136.212.234,reuszc.top,top,8/15/2018,Canning Vale,Australia
547,41.227.110.212,wuehr.de,de,8/14/2018,Glenmore Park,Australia
548,209.124.205.141,svgbychristysingvong.com,com,8/13/2018,Glen Iris,Australia
549,42.227.55.103,studiawniemczech.org,org,4/2/2019,Balwyn North,Australia
550,0.237.227.156,pedalboat.xyz,xyz,5/18/2019,Carnegie,Australia
551,135.66.229.241,xiazai18.com,com,1/19/2019,Malvern East,Australia
552,135.218.244.74,clintandkristie.com,com,2/3/2019,Brighton East,Australia
553,237.255.104.61,jibuei.loan,loan,10/28/2018,Booval,Australia
554,29.1.157.26,322356.net,net,3/12/2019,St Albans,Australia
555,112.224.100.243,barewoodhouse-hub.com,com,2/28/2019,Endeavour Hills,Australia
556,231.26.219.180,pianofortefest.de,de,11/27/2018,Clayton,Australia
557,13.32.152.232,kpwhz.top,top,5/17/2019,Taylors Lakes,Australia
558,217.15.27.114,metodomerenda.com,com,6/3/2019,Roxburgh Park,Australia
559,150.24.8.171,carybeene.com,com,9/17/2018,Wyndham Vale,Australia
560,107.74.20.169,paindrug.com,com,4/25/2019,Willetton,Australia
561,121.38.191.16,handy-faq.de,de,1/7/2019,Thornbury,Australia
562,42.25.110.254,amercando-inter.net,net,1/22/2019,Thornlie,Australia
563,89.173.31.134,4455760.io,io,4/5/2019,Hillside,Australia
564,182.34.120.107,aaronaylor.com,com,8/25/2018,Bundoora,Australia
565,194.9.201.182,ozzie-slang.com,com,3/22/2019,Forest Lake,Australia
566,0.33.135.84,511330.top,top,10/8/2018,Sunnybank Hills,Australia
567,93.169.28.152,qjzx.net.cn,net,1/11/2019,Narre Warren South,Australia
568,202.74.241.4,fumatrade.com,com,1/6/2019,Dandenong North,Australia
569,208.185.237.217,xn--m8t99i3p0a9sb.com,com,4/6/2019,Frankston South,Australia
570,200.212.43.94,springshair.com,com,11/8/2018,Sunshine West,Australia
571,57.150.241.235,trustcontent.info,info,11/24/2018,Altona Meadows,Australia
572,202.2.208.40,www618kj.com,com,12/12/2018,West Pennant,Australia
573,123.65.23.79,fussstapfen.de,de,1/13/2019,Oranjestad,Aruba
574,219.149.255.18,aerogse.com,com,9/19/2018,Babijn,Aruba
575,145.138.206.242,guiapublicitaria.com,com,5/18/2019,Angochi,Aruba
576,182.127.59.59,bt57.cn,cn,3/15/2019,Mariehamn,Aland Islands
577,87.102.169.122,inexcell.tk,tk,4/10/2019,Xankandi,Azerbaijan
578,72.56.16.67,hans-huss.de,de,10/18/2018,Əhmədbəyli,Azerbaijan
579,166.11.169.145,abuzaad.co.uk,co,10/9/2018,Shushi,Azerbaijan
580,184.28.16.72,lunchpurses.com,com,1/5/2019,Salyan,Azerbaijan
581,199.196.122.125,cpaproxchange.com,com,1/13/2019,Saatlı,Azerbaijan
582,171.159.92.2,bglabelsandtees.com,com,8/1/2018,Neftçala,Azerbaijan
583,153.3.252.19,buypositivebeverage.com,com,11/14/2018,Nakhchivan,Azerbaijan
584,255.43.54.214,gaminghospitalityexecjobs.com,com,4/24/2019,Lankaran,Azerbaijan
585,210.219.174.155,dlr.help,help,7/20/2018,Imishli,Azerbaijan
586,215.195.113.57,alvimo.in,in,1/21/2019,Fizuli,Azerbaijan
587,178.96.56.56,alexishatch.org,org,1/10/2019,Dzhalilabad,Azerbaijan
588,188.171.153.226,louiscorte.fr,fr,8/20/2018,Pushkino,Azerbaijan
589,197.7.122.250,china-floor.com.cn,com,7/11/2018,Beylagan,Azerbaijan
590,33.151.251.230,le-lion-lille.com,com,6/28/2019,Astara,Azerbaijan
591,246.83.143.80,bctus.us,us,8/31/2018,Şirvan,Azerbaijan
592,39.100.230.159,clickhype.eu,eu,10/15/2018,Ağdam,Azerbaijan
593,111.5.171.42,style-consulting.com,com,5/17/2019,Zaqatala,Azerbaijan
594,143.91.148.184,co-opbase.co.uk,co,4/22/2019,Zabrat,Azerbaijan
595,224.31.81.196,mytriplezero.com,com,9/30/2018,Yevlakh,Azerbaijan
596,114.64.162.85,anzhui.com,com,9/23/2018,Yelenendorf,Azerbaijan
597,98.102.26.22,pareduc.com,com,9/11/2018,Xaçmaz,Azerbaijan
598,171.225.110.59,communitylaw.net,net,2/21/2019,Ujar,Azerbaijan
599,208.130.76.64,geshite.pw,pw,5/9/2019,Terter,Azerbaijan
600,189.128.53.29,aacgb.cn,cn,3/6/2019,Sumqayıt,Azerbaijan
601,122.207.188.152,oblonczek.net,net,6/11/2019,Qaraçuxur,Azerbaijan
602,147.152.202.110,cloudyla.com,com,8/31/2018,Shamkhor,Azerbaijan
603,164.73.89.116,wvgrains.net,net,6/29/2019,Shamakhi,Azerbaijan
604,35.121.140.92,detcanvas.com,com,7/3/2019,Sheki,Azerbaijan
605,233.58.139.153,defence-offense.net,net,4/8/2019,Sabunçu,Azerbaijan
606,9.218.151.135,lindale.co.nz,co,8/20/2018,Sabirabad,Azerbaijan
607,187.238.176.168,myphone.amsterdam,amsterdam,12/25/2018,Qusar,Azerbaijan
608,192.39.218.12,bezry.loan,loan,8/26/2018,Quba,Azerbaijan
609,122.21.180.175,spartansgxa.us.com,us,12/10/2018,Hacıqabul,Azerbaijan
610,206.38.111.30,ars101.net,net,5/25/2019,Qazax,Azerbaijan
611,27.209.84.92,probierzaehne.de,de,11/7/2018,Hacı Zeynalabdin,Azerbaijan
612,67.162.133.199,learnqol.com,com,5/22/2019,Mingelchaur,Azerbaijan
613,242.158.123.91,z3upb0ht0uvxn2r0.com,com,8/6/2018,Maştağa,Azerbaijan
614,63.53.42.244,sheqie.com,com,4/22/2019,Mardakan,Azerbaijan
615,147.234.45.47,hippierunner.ca,ca,5/25/2019,Lökbatan,Azerbaijan
616,207.112.55.220,pisgahtrails.com,com,1/2/2019,Kyurdarmir,Azerbaijan
617,62.63.150.111,moukaruweb.net,net,12/11/2018,Khirdalan,Azerbaijan
618,143.81.241.181,ourfatherschurchonline.com,com,2/5/2019,Yeni Suraxanı,Azerbaijan
619,167.94.5.242,homeinumbria.com,com,10/20/2018,Geoktschai,Azerbaijan
620,122.57.34.5,aboudantrading.com,com,5/10/2019,Hövsan,Azerbaijan
621,138.217.173.229,watotochurch.net,net,3/12/2019,Ganja,Azerbaijan
622,247.177.236.60,dumptruckinjurylawyer.com,com,8/12/2018,Divichibazar,Azerbaijan
623,43.134.15.157,mentorpress.org,org,12/30/2018,Buzovna,Azerbaijan
624,114.210.105.76,dna1010.com,com,8/21/2018,Biny Selo,Azerbaijan
625,182.114.164.217,auction-gears.com,com,1/11/2019,Barda,Azerbaijan
626,217.174.33.194,deafchurchvlogs.com,com,5/22/2019,Bilajari,Azerbaijan
627,23.83.172.199,32-34churchstreet.com,com,6/9/2019,Baku,Azerbaijan
628,71.23.68.150,fabulous-wisdomtokeepdriving-forth.info,info,1/11/2019,Amirdzhan,Azerbaijan
629,230.114.32.88,gatorlapelpins.com,com,7/18/2018,Aghsu,Azerbaijan
630,176.233.8.130,camar66.com,com,8/24/2018,Ağdaş,Azerbaijan
631,88.35.47.31,barkadiadogs.com,com,7/9/2018,Agdzhabedy,Azerbaijan
632,206.128.88.154,sallyrosestudio.uk,uk,6/8/2019,Bakıxanov,Azerbaijan
633,105.53.4.70,crotononhudson.xyz,xyz,8/11/2018,Zenica,Bosnia and Herzegovina
634,144.91.121.104,auto-online-ads.com,com,11/4/2018,Visoko,Bosnia and Herzegovina
635,79.72.193.134,avatec.nl,nl,10/17/2018,Velika Kladuša,Bosnia and Herzegovina
636,130.228.156.218,aigent.eu,eu,11/2/2018,Tuzla,Bosnia and Herzegovina
637,99.241.31.240,recyclixusa.org,org,8/8/2018,Trebinje,Bosnia and Herzegovina
638,243.93.67.181,ianhandelrealtor.com,com,8/20/2018,Travnik,Bosnia and Herzegovina
639,112.188.163.110,321696.top,top,4/26/2019,Sarajevo,Bosnia and Herzegovina
640,202.46.129.114,xn--80ambce5a2h.xn--p1ai,xn--p1ai,1/21/2019,Prijedor,Bosnia and Herzegovina
641,160.253.150.0,landhaus-lichius.de,de,1/15/2019,Mostar,Bosnia and Herzegovina
642,151.233.24.206,untang.nl,nl,7/24/2018,Gradačac,Bosnia and Herzegovina
643,166.38.9.254,aosiniao.net,net,7/2/2019,Gračanica,Bosnia and Herzegovina
644,129.214.191.228,husabi.com,com,5/14/2019,Goražde,Bosnia and Herzegovina
645,74.173.171.98,space-craft.eu,eu,2/19/2019,Doboj,Bosnia and Herzegovina
646,48.43.40.21,uppercanadasoaps.com,com,3/23/2019,Cazin,Bosnia and Herzegovina
647,124.82.233.140,secondsensecreative.com,com,10/6/2018,Bugojno,Bosnia and Herzegovina
648,241.139.212.252,rongtouke.com,com,6/6/2019,Brčko,Bosnia and Herzegovina
649,221.200.38.110,kallilloop.com,com,12/23/2018,Bosanska Krupa,Bosnia and Herzegovina
650,96.33.102.13,grupoverde.com,com,12/18/2018,Bijeljina,Bosnia and Herzegovina
651,199.148.228.245,szmhtech.uk,uk,12/7/2018,Bihać,Bosnia and Herzegovina
652,244.173.241.152,towerviewstables.com,com,2/10/2019,Banja Luka,Bosnia and Herzegovina
653,157.13.157.160,mtveteransmemorial.org,org,9/11/2018,Konjic,Bosnia and Herzegovina
654,112.176.178.134,martispalace.com,com,11/23/2018,Bridgetown,Barbados
655,65.71.214.233,zhainanys1.com,com,10/6/2018,Thākurgaon,Bangladesh
656,143.184.132.109,railsafety.mobi,mobi,6/7/2019,Teknāf,Bangladesh
657,122.108.34.143,yannsun.info,info,8/10/2018,Tungi,Bangladesh
658,202.244.101.203,delagglo.ca,ca,3/14/2019,Sylhet,Bangladesh
659,216.52.172.45,playmakers.info,info,11/10/2018,Dohār,Bangladesh
660,214.17.134.241,tawatza.ws,ws,1/25/2019,Jamālpur,Bangladesh
661,111.202.120.77,lmasistent.cz,cz,1/29/2019,Shibganj,Bangladesh
662,229.244.182.34,rentcoeasy.com,com,7/21/2018,Sātkhira,Bangladesh
663,6.243.69.235,uniteamericagroup.com,com,5/25/2019,Sirājganj,Bangladesh
664,76.203.51.147,2zb.red,red,1/31/2019,Netrakona,Bangladesh
665,254.206.182.141,crickhowelltaxis.com,com,10/7/2018,Narsingdi,Bangladesh
666,195.183.83.47,tsksw.com.cn,com,4/18/2019,Sandwīp,Bangladesh
667,95.78.72.66,bkj.one,one,5/6/2019,Shāhzādpur,Bangladesh
668,110.78.189.44,garni-matha.com,com,6/17/2019,Rāmganj,Bangladesh
669,152.148.35.22,michiganautoattorney.info,info,4/25/2019,Rājshāhi,Bangladesh
670,78.39.9.119,dhrale.com,com,4/26/2019,Pirojpur,Bangladesh
671,70.121.79.33,lawsuitcashloans.com,com,10/17/2018,Panchagarh,Bangladesh
672,194.13.126.142,drewstrums.eu,eu,11/17/2018,Patiya,Bangladesh
673,166.31.122.124,rimrockshoppingcenter.com,com,4/18/2019,Parbatipur,Bangladesh
674,0.170.137.71,drycuteducation.com,com,11/4/2018,Nārāyanganj,Bangladesh
675,245.227.151.100,beautifulhlthyu.com,com,6/16/2019,Nālchiti,Bangladesh
676,5.81.96.223,burgaschess.tk,tk,7/9/2018,Nāgarpur,Bangladesh
677,148.155.224.84,zahnarztpraxis-aarau.ch,ch,7/14/2018,Nageswari,Bangladesh
678,96.153.242.65,barbacoarestaurant.cl,cl,5/18/2019,Mymensingh,Bangladesh
679,114.254.120.76,testbetadotmar3.org,org,8/14/2018,Muktāgācha,Bangladesh
680,194.43.33.165,aslanemlak.net,net,11/9/2018,Mirzāpur,Bangladesh
681,198.248.86.57,certifications.pl,pl,8/30/2018,Maulavi Bāzār,Bangladesh
682,234.74.190.136,smxtb.com,com,11/24/2018,Morrelgonj,Bangladesh
683,116.96.104.102,dogsgalore.com,com,9/15/2018,Mehendiganj,Bangladesh
684,197.211.145.71,go.com.uy,com,10/6/2018,Mathba,Bangladesh
685,131.42.75.141,pad3000.com,com,11/19/2018,Lalmanirhat,Bangladesh
686,70.206.245.83,discec2a1stalbansremote.co.uk,co,10/1/2018,Lākshām,Bangladesh
687,206.189.196.188,bigredn.com,com,3/17/2019,Comilla,Bangladesh
688,147.190.101.148,skeldonserver.com,com,8/24/2018,Rangpur,Bangladesh
689,114.116.246.47,rieltor23.ru,ru,2/12/2019,Kushtia,Bangladesh
690,74.159.220.236,photosbydebario.com,com,3/20/2019,Kālīganj,Bangladesh
691,34.17.215.195,tim-payne.com,com,11/24/2018,Jhingergācha,Bangladesh
692,24.86.46.27,e6ks.net,net,11/18/2018,Joypur Hāt,Bangladesh
693,217.203.15.195,my-tv.top,top,9/1/2018,Ishurdi,Bangladesh
694,25.223.13.152,vilena-shop.ru,ru,9/28/2018,Habiganj,Bangladesh
695,221.172.132.38,audreymariesportfolio.com,com,2/28/2019,Gaurnadi,Bangladesh
696,41.23.18.187,longevityremedies.com,com,5/15/2019,Gafargaon,Bangladesh
697,113.140.232.169,enterprisegenetics.com,com,6/17/2019,Feni,Bangladesh
698,78.68.216.161,diywindowcleaning.com,com,6/28/2019,Rāipur,Bangladesh
699,251.45.222.97,autism-day-ofmourning.com,com,5/12/2019,Sarankhola,Bangladesh
700,154.192.38.234,novemberscientific.net,net,5/24/2019,Dhaka,Bangladesh
701,176.47.23.87,healthywaysforlife.com,com,7/26/2018,Chilmāri,Bangladesh
702,125.88.76.234,marusantec.com,com,4/25/2019,Chhāgalnāiya,Bangladesh
703,200.27.104.127,dlp-expert.ru,ru,10/22/2018,Lālmohan,Bangladesh
704,72.24.125.60,duanehatch.com,com,2/25/2019,Khagrachhari,Bangladesh
705,101.151.134.6,medaprime.miami,miami,9/10/2018,Chhātak,Bangladesh
706,217.166.174.189,theushuaiamagazine.info,info,7/17/2018,Bhātpāra Abhaynagar,Bangladesh
707,159.146.11.60,xcloosiv.com,com,2/9/2019,Bherāmāra,Bangladesh
708,223.228.205.35,schneiderlogistics.mobi,mobi,3/7/2019,Bhairab Bāzār,Bangladesh
709,195.213.66.50,xn--80aaarakzeli0b7m.xn--p1ai,xn--p1ai,12/13/2018,Bāndarban,Bangladesh
710,53.43.37.200,katrinapeluso.com,com,4/24/2019,Kālia,Bangladesh
711,186.72.108.108,paullandacre.com,com,8/1/2018,Baniachang,Bangladesh
712,244.106.40.8,huskyforum.com,com,5/1/2019,Bājitpur,Bangladesh
713,42.251.19.147,buydestination.com,com,11/6/2018,Badarganj,Bangladesh
714,88.125.20.32,hiejia.com,com,7/7/2018,Narail,Bangladesh
715,75.113.4.39,thebigham.com,com,2/28/2019,Tungipāra,Bangladesh
716,166.9.92.205,sor.rocks,rocks,7/8/2018,Sarishābāri,Bangladesh
717,242.16.22.181,sydsyummystuff.tk,tk,7/16/2018,Sakhipur,Bangladesh
718,128.157.255.42,00497119110.com,com,2/21/2019,Raojān,Bangladesh
719,154.124.59.95,sebastianrocco.com,com,3/16/2019,Phultala,Bangladesh
720,255.176.39.73,kampfrechnen.de,de,1/15/2019,Pālang,Bangladesh
721,85.137.129.179,va26.asia,asia,4/24/2019,Pār Naogaon,Bangladesh
722,79.119.107.68,netcomtechnologies.co,co,2/22/2019,Nabīnagar,Bangladesh
723,41.194.154.209,tomphillipsprints.com,com,3/13/2019,Lakshmīpur,Bangladesh
724,218.205.227.62,nealandleandra.com,com,6/8/2019,Kesabpur,Bangladesh
725,103.156.194.81,monteriaradio38grados.co.uk,co,8/22/2018,Hājīganj,Bangladesh
726,12.160.155.130,bbcharts.de,de,1/22/2019,Farīdpur,Bangladesh
727,127.139.118.190,dunawaylg.com,com,11/4/2018,Dinājpur,Bangladesh
728,249.117.111.167,artandupcycle.us,us,8/4/2018,Uttar Char Fasson,Bangladesh
729,238.248.125.147,santamanzanacider.com,com,8/13/2018,Chittagong,Bangladesh
730,209.54.115.104,northpugetsoundliving.eu,eu,8/10/2018,Char Bhadrāsan,Bangladesh
731,147.22.235.110,mcdermotts.org,org,12/16/2018,Bera,Bangladesh
732,224.133.250.181,alexbarclayconsultancy.org,org,12/14/2018,Burhānuddin,Bangladesh
733,221.196.18.167,sebastianmoldovan.ro,ro,8/23/2018,Sātkania,Bangladesh
734,68.161.200.40,57001.biz,biz,2/17/2019,Cox’s Bāzār,Bangladesh
735,202.105.215.182,hubhello.co.uk,co,10/21/2018,Khulna,Bangladesh
736,58.85.246.170,supermaxfilters.tk,tk,8/27/2018,Bhola,Bangladesh
737,152.215.36.203,takeagoodlook.us,us,10/28/2018,Barisāl,Bangladesh
738,101.36.202.210,bjszsj.nl,nl,3/28/2019,Jessore,Bangladesh
739,195.228.144.165,celloawards.org,org,11/25/2018,Pābna,Bangladesh
740,223.104.40.126,nonsoloprofumi.com,com,6/26/2019,Tāngāil,Bangladesh
741,76.171.166.160,18519.bid,bid,10/20/2018,Bogra,Bangladesh
742,132.212.240.29,whiteplainscity.tk,tk,6/21/2019,Pīrgaaj,Bangladesh
743,32.234.29.240,ericbara.de.com,de,6/16/2019,Nawābganj,Bangladesh
744,205.125.143.176,auctionsauctions.com,com,11/10/2018,Mādārīpur,Bangladesh
745,157.79.110.208,urideaccess.com,com,1/25/2019,Sherpur,Bangladesh
746,145.53.196.101,pessrl.co.uk,co,3/31/2019,Kishorganj,Bangladesh
747,230.42.191.81,kpbnm.com,com,7/23/2018,Manikchari,Bangladesh
748,220.135.77.14,rohel.fr,fr,1/5/2019,Bhāndāria,Bangladesh
749,41.237.95.120,homeartisanexpo.uk,uk,6/9/2019,Fatikchari,Bangladesh
750,135.177.123.229,defaq.nl,nl,11/25/2018,Saidpur,Bangladesh
751,61.142.105.183,chattanoogatherapist.com,com,7/31/2018,Azimpur,Bangladesh
752,142.252.182.15,kmrxlt.com,com,3/14/2019,Paltan,Bangladesh
753,38.49.140.252,likediscoverlevel.tech,tech,2/23/2019,Zwijndrecht,Belgium
754,54.175.211.176,zaghawa.net,net,12/17/2018,Zwevegem,Belgium
755,198.203.84.28,theeeg.com,com,5/21/2019,Zottegem,Belgium
756,220.75.77.197,zacharyhafner.com,com,4/19/2019,Zonhoven,Belgium
757,187.249.75.244,iacconference.com,com,5/10/2019,Zoersel,Belgium
758,163.114.126.237,saozui.cn,cn,11/20/2018,Zemst,Belgium
759,128.161.233.195,unlimitedautomotivegroup.com,com,4/20/2019,Zele,Belgium
760,188.150.215.250,comitis.ch,ch,3/12/2019,Zedelgem,Belgium
761,202.67.154.130,completelyloaded.com,com,4/27/2019,Zaventem,Belgium
762,115.197.229.86,thepierianspring.info,info,6/2/2019,Wuustwezel,Belgium
763,123.214.235.63,gamecorner.se,se,6/10/2019,Willebroek,Belgium
764,186.108.237.8,solsvikdesign.io,io,5/6/2019,Wevelgem,Belgium
765,222.106.126.69,provencespavillas.com,com,3/26/2019,Wetteren,Belgium
766,208.12.123.48,carmen-and-joseph.com,com,6/13/2019,Westerlo,Belgium
767,244.70.108.220,vsqared.rocks,rocks,4/7/2019,Wervik,Belgium
768,133.90.199.122,idcloner.com,com,10/16/2018,Wavre,Belgium
769,56.75.164.37,nu-spirit.tk,tk,2/21/2019,Waterloo,Belgium
770,251.144.167.9,kungdesign.se,se,6/20/2019,Waregem,Belgium
771,112.59.104.215,harmanit.co.uk,co,9/23/2018,Walcourt,Belgium
772,151.171.228.71,hk-lift.com,com,6/9/2019,Visé,Belgium
773,71.195.245.8,bigwaveevents.com,com,2/6/2019,Vilvoorde,Belgium
774,17.130.170.60,jennee.net,net,8/27/2018,Verviers,Belgium
775,71.231.79.62,allinsonlaw.eu,eu,8/17/2018,Turnhout,Belgium
776,8.1.12.207,samsplacebooks.com,com,8/9/2018,Tubize,Belgium
777,139.69.172.15,adelebijoumusicgroupinc.co,co,12/10/2018,Tournai,Belgium
778,51.25.183.144,bloodofjesuscalvarychurch.org,org,1/16/2019,Torhout,Belgium
779,155.180.44.109,lauraminerphotography.com,com,3/9/2019,Tongeren,Belgium
780,131.32.190.194,thewpdemo.eu,eu,11/3/2018,Tienen,Belgium
781,186.96.179.196,paulhobbsimports.eu,eu,5/14/2019,Tielt,Belgium
782,129.218.230.22,cheapuni.com,com,8/6/2018,Tessenderlo,Belgium
783,215.135.232.180,f-time.ru,ru,4/23/2019,Tervuren,Belgium
784,204.211.141.100,ivytoyou.com,com,6/5/2019,Temse,Belgium
785,12.123.182.235,nowsignsoftware.com,com,12/7/2018,Stekene,Belgium
786,254.140.198.36,j402.cc,cc,6/14/2019,Stabroek,Belgium
787,104.32.55.204,kitanomori.party,party,5/25/2019,Soumagne,Belgium
788,123.243.206.52,nashvillecharityball.com,com,10/20/2018,Soignies,Belgium
789,56.199.194.74,gbbyy.loan,loan,5/1/2019,Sint-Truiden,Belgium
790,87.248.201.51,iamnubian347.com,com,3/10/2019,Sint-Pieters-Leeuw,Belgium
791,206.80.192.62,xn--j7q621fe8e300a.com,com,9/13/2018,Sint-Niklaas,Belgium
792,208.56.187.163,gottalovesydney.com,com,4/2/2019,Sint-Kruis,Belgium
793,38.177.171.248,safari-vo.fr,fr,12/2/2018,Sint-Katelijne-Waver,Belgium
794,58.225.44.104,comillacitybd.eu,eu,7/29/2018,Sint-Gillis-Waas,Belgium
795,223.97.45.209,turquoisehealing.center,center,12/7/2018,Sint-Genesius-Rode,Belgium
796,84.203.182.151,flipmyspace.com,com,4/11/2019,Seraing,Belgium
797,233.28.89.134,ttkxc.top,top,7/22/2018,Schoten,Belgium
798,250.106.247.87,flowersyogurt.com,com,4/23/2019,Schilde,Belgium
799,162.129.255.242,mairalanda.com,com,9/2/2018,Saint-Nicolas,Belgium
800,0.234.166.166,sms-call.ru,ru,6/7/2019,Saint-Ghislain,Belgium
801,127.99.41.165,yszsz.trade,trade,6/4/2019,Rotselaar,Belgium
802,164.123.247.248,acimadetudooamor.com.br,com,3/25/2019,Ronse,Belgium
803,182.45.28.124,buffalocpr.info,info,8/23/2018,Roeselare,Belgium
804,39.139.167.67,shalletandcrowe.nl,nl,2/16/2019,Rixensart,Belgium
805,31.24.153.29,mediacarrier.net,net,5/16/2019,Riemst,Belgium
806,224.116.25.211,indo-board.se,se,10/6/2018,Ranst,Belgium
807,168.163.210.161,ltcq185.com,com,4/28/2019,Quaregnon,Belgium
808,60.184.198.146,videosurveillanceexpert.com,com,5/10/2019,Puurs,Belgium
809,140.224.101.102,marcles.com,com,12/15/2018,Putte,Belgium
810,29.97.250.156,hicogroup.ru,ru,4/6/2019,Poperinge,Belgium
811,164.93.28.95,purity-co.io,io,6/30/2019,Pont-à-Celles,Belgium
812,112.195.110.125,trsgo.org,org,4/28/2019,Péruwelz,Belgium
813,254.235.64.242,memphistour2015.com,com,8/10/2018,Peer,Belgium
814,192.148.13.127,the-waits.net,net,5/21/2019,Overijse,Belgium
815,115.240.83.102,gothenburgnow.mobi,mobi,7/23/2018,Oupeye,Belgium
816,146.166.214.99,networkingproviders.uk,uk,9/25/2018,Oudenaarde,Belgium
817,159.133.167.19,spotifyrsp.com,com,7/21/2018,Oostkamp,Belgium
818,90.65.77.33,bper-gruppo.eu,eu,5/12/2019,Ostend,Belgium
819,218.127.176.247,cinemovil.es,es,3/10/2019,Nivelles,Belgium
820,122.195.169.119,awefulthoughts.com,com,5/29/2019,Ninove,Belgium
821,128.158.69.223,vanfreeordie.com,com,3/5/2019,Nijlen,Belgium
822,160.231.251.18,photodventure.com,com,11/19/2018,Neerpelt,Belgium
823,128.107.78.70,lecon.ru,ru,7/25/2018,Namur,Belgium
824,199.219.193.219,esamidelsanguemilano.com,com,1/6/2019,Mouscron,Belgium
825,78.135.249.79,stickycuts.tk,tk,12/7/2018,Mortsel,Belgium
826,166.25.182.116,alohapoint.com,com,5/11/2019,Morlanwelz-Mariemont,Belgium
827,220.253.71.105,ljungars.com,com,7/31/2018,Mons,Belgium
828,101.24.47.233,hartlineintl.net,net,6/4/2019,Mol,Belgium
829,245.99.44.63,onlinejobsphils.com,com,1/28/2019,Middelkerke,Belgium
830,125.211.162.90,aec-feedback.com,com,6/14/2019,Merelbeke,Belgium
831,44.117.169.166,bestinwealth.com,com,5/22/2019,Menen,Belgium
832,54.114.195.159,southcarolinatranscription.com,com,4/26/2019,Meise,Belgium
833,192.30.147.114,seraphimworks.com,com,6/9/2019,Mechelen,Belgium
834,24.120.59.115,centbev.io,io,4/28/2019,Marche-en-Famenne,Belgium
835,138.203.254.219,naturalhazards.com.au,com,8/6/2018,Manage,Belgium
836,194.125.56.56,saaeqbit.top,top,6/5/2019,Maldegem,Belgium
837,128.12.19.242,scibek.xyz,xyz,10/7/2018,Maasmechelen,Belgium
838,205.144.33.205,aminabaobab.com,com,7/20/2018,Maaseik,Belgium
839,56.103.104.53,accordoomologato.com,com,10/19/2018,Louvain-la-Neuve,Belgium
840,138.50.187.197,gamestation.com.hk,com,3/26/2019,Londerzeel,Belgium
841,29.0.145.124,sex-regional.com,com,8/6/2018,Lommel,Belgium
842,35.144.219.131,urbanicasuites.com.ar,com,12/29/2018,Lokeren,Belgium
843,108.134.73.42,yespleasepublishing.com,com,6/20/2019,Lochristi,Belgium
844,55.15.115.95,actcarwashpros.eu,eu,4/6/2019,Lille,Belgium
845,71.139.228.89,tsa.taipei,taipei,5/1/2019,Lier,Belgium
846,40.8.231.231,rideaustralia.biz,biz,9/10/2018,Liège,Belgium
847,104.170.252.119,indiabetestab.com,com,6/8/2019,Leuven,Belgium
848,149.54.192.155,7oa.co.com,co,4/21/2019,Lessines,Belgium
849,231.236.205.229,printfa.com,com,2/1/2019,Lede,Belgium
850,105.22.32.55,drbrucegeorge.nl,nl,5/6/2019,Lebbeke,Belgium
851,110.84.207.241,bco-cpa.info,info,9/19/2018,Lanaken,Belgium
852,237.41.251.118,chriscompton.com,com,9/12/2018,La Louvière,Belgium
853,215.200.234.63,legionx.de,de,5/21/2019,Kortrijk,Belgium
854,244.169.173.198,taraproject.com,com,5/4/2019,Kortenberg,Belgium
855,196.119.28.146,v5gege.io,io,3/24/2019,Kontich,Belgium
856,165.4.14.183,ksrrealestate.com,com,1/8/2019,Koksijde,Belgium
857,80.14.29.111,virelectronica.com,com,1/4/2019,Knokke-Heist,Belgium
858,39.88.219.159,cvasrl.com,com,12/14/2018,Kasterlee,Belgium
859,109.59.244.195,villagecard.com,com,3/3/2019,Kapellen,Belgium
860,30.188.79.174,premiercleaningservices.org,org,5/13/2019,Kalmthout,Belgium
861,204.230.163.122,wwwtherifleman.net,net,6/30/2019,Izegem,Belgium
862,186.250.32.184,icacfoundation.org,org,12/17/2018,Ieper,Belgium
863,97.71.139.115,risaman.com,com,4/15/2019,Huy,Belgium
864,124.20.183.130,xn--oy2b17n64devmca836a.com,com,12/22/2018,Houthalen,Belgium
865,41.252.188.102,beeldfestival.nl,nl,9/29/2018,Hoogstraten,Belgium
866,185.247.118.58,xwtiz.site,site,11/29/2018,Hoboken,Belgium
867,178.253.9.120,czterykomputery.pl,pl,9/7/2018,Heusden,Belgium
868,69.163.35.152,liveatcampussquareapartments.com,com,5/13/2019,Herzele,Belgium
869,173.85.247.42,almullagroup.cn,cn,1/22/2019,Herve,Belgium
870,186.90.91.187,eftwelve.nl,nl,12/27/2018,Herstal,Belgium
871,135.104.249.246,bausoptic.com,com,3/4/2019,Herentals,Belgium
872,249.154.111.34,carladaviddesign.co,co,10/4/2018,Herent,Belgium
873,185.53.193.63,e-andex.com,com,5/24/2019,Helchteren,Belgium
874,19.67.102.87,whiskyclubbrabant.nl,nl,11/5/2018,Heist-op-den-Berg,Belgium
875,222.187.146.43,samsungs.com,com,4/1/2019,Hasselt,Belgium
876,60.238.97.181,mynbs.xyz,xyz,9/15/2018,Harelbeke,Belgium
877,92.43.157.103,solpropertiesnicaragua.com,com,1/25/2019,Hamme,Belgium
878,55.21.146.185,guiapp.cn,cn,3/25/2019,Halle,Belgium
879,243.196.141.201,businessesofmarysville.com,com,11/6/2018,Haaltert,Belgium
880,186.21.191.222,alliedphysiotherapy.com,com,2/6/2019,Grimbergen,Belgium
881,208.231.156.72,cloughsofnantwich.com,com,9/27/2018,Geraardsbergen,Belgium
882,200.88.206.170,qddvdcase.com,com,7/24/2018,Gent,Belgium
883,255.70.83.223,gaestehaus-rosendahl.de,de,5/4/2019,Genk,Belgium
884,55.85.90.153,luxurytravelcartagena.com,com,6/22/2019,Gembloux,Belgium
885,56.245.227.231,suparks.de,de,10/6/2018,Geel,Belgium
886,208.231.227.36,kastubanatal.com,com,6/27/2019,Frameries,Belgium
887,139.38.34.173,0777603.xyz,xyz,10/2/2018,Fleurus,Belgium
888,31.109.139.211,gmtlq.com,com,6/20/2019,Fléron,Belgium
889,218.212.221.188,leamington-baptist.org.uk,org,4/17/2019,Flémalle-Haute,Belgium
890,211.84.27.81,papershredding.london,london,10/3/2018,Evergem,Belgium
891,244.252.211.156,alexebarbie.io,io,10/27/2018,Eupen,Belgium
892,92.35.99.207,asiriabo.com,com,4/10/2019,Essen,Belgium
893,138.40.10.249,nuristarducks.com,com,11/8/2018,Eeklo,Belgium
894,29.196.140.83,kitchenaider.com,com,5/22/2019,Edegem,Belgium
895,209.224.86.169,mfp-transnational.tk,tk,8/29/2018,Duffel,Belgium
896,22.30.161.252,smithjobs-11.com,com,7/7/2018,Dour,Belgium
897,6.254.45.112,mygolddollars.com,com,5/14/2019,Dilbeek,Belgium
898,210.108.159.69,mynsicds.top,top,4/12/2019,Diksmuide,Belgium
899,233.144.21.39,i-need-a-spindle.com,com,8/3/2018,Diest,Belgium
900,23.167.6.82,brenet.gmbh,gmbh,6/4/2019,Diepenbeek,Belgium
901,70.179.159.35,kjero.info,info,10/15/2018,Destelbergen,Belgium
902,58.235.239.115,raymondconstruction.com,com,5/13/2019,Dendermonde,Belgium
903,168.15.73.66,bajuwarium.com,com,9/18/2018,Denderleeuw,Belgium
904,204.78.213.46,saucysext.com,com,6/19/2019,Deinze,Belgium
905,240.24.234.152,geyusi.cn,cn,11/27/2018,Courcelles,Belgium
906,72.66.247.113,addtelepro.com,com,3/11/2019,Colfontaine,Belgium
907,19.188.26.105,elec-trio.de,de,9/13/2018,Chaudfontaine,Belgium
908,197.134.152.157,lewenstein.pl,pl,7/2/2019,Châtelet,Belgium
909,236.125.26.89,alwaysforward.today,today,1/13/2019,Chasse Royale,Belgium
910,103.52.217.86,wuxinprint.tk,tk,10/15/2018,Charleroi,Belgium
911,197.219.120.210,jackfoundation.com,com,8/24/2018,Brussels,Belgium
912,225.12.4.221,xy-yandex.ru,ru,3/17/2019,Brugge,Belgium
913,72.137.244.40,wadgetwi.de.com,de,4/21/2019,Brecht,Belgium
914,138.63.7.141,market4loan.com,com,10/3/2018,Brasschaat,Belgium
915,39.233.154.186,framelessglassca.com,com,2/2/2019,Braine-le-Comte,Belgium
916,189.155.168.81,vectorcafe.com,com,6/13/2019,Braine-l'Alleud,Belgium
917,17.63.49.201,jimmyschwenphoto.com,com,1/6/2019,Boussu,Belgium
918,221.102.29.12,huracanfc.mx,mx,5/9/2019,Bornem,Belgium
919,90.230.223.55,jingantemple.com,com,12/22/2018,Boom,Belgium
920,92.200.212.109,silvestrin.info,info,9/17/2018,Blankenberge,Belgium
921,88.233.3.69,st-peter-muelheim-kaerlich.de,de,1/30/2019,Binche,Belgium
922,112.11.11.66,rgflw.top,top,5/19/2019,Bilzen,Belgium
923,12.120.75.206,picatu133.com,com,11/24/2018,Beveren,Belgium
924,57.119.135.222,munk-it.dk,dk,11/17/2018,Beringen,Belgium
925,116.66.115.132,virtuallearningebooks.com,com,1/27/2019,Beersel,Belgium
926,69.247.190.54,solerys.eu,eu,12/12/2018,Beerse,Belgium
927,81.146.223.226,markusspillner.de,de,5/29/2019,Balen,Belgium
928,94.28.35.13,flowerleafstudio.com,com,9/16/2018,Ath,Belgium
929,42.255.76.224,iversenmotor.com,com,8/22/2018,Asse,Belgium
930,26.52.50.241,xn--geschftszeit-kcb.com,com,4/16/2019,Arlon,Belgium
931,51.140.178.59,internationalassociationforlifestylebalance.org,org,12/15/2018,Antwerpen,Belgium
932,99.61.1.76,jenesaisquoifaces.com,com,10/12/2018,Ans,Belgium
933,61.247.81.142,artofnaples.ca,ca,6/9/2019,Andenne,Belgium
934,251.128.5.98,affinitydocumentsolutions.com,com,8/5/2018,Aarschot,Belgium
935,87.251.238.31,thefuturescience.com,com,10/28/2018,Aalter,Belgium
936,157.58.224.16,disneyaulani.com.cn,com,8/8/2018,Aalst,Belgium
937,53.12.63.115,ptxydqz.com,com,12/12/2018,Zorgo,Burkina Faso
938,216.148.241.215,firmaplus.cz,cz,11/15/2018,Yako,Burkina Faso
939,22.135.18.224,big.discount,discount,3/4/2019,Tougan,Burkina Faso
940,218.249.17.51,f-track.jp,jp,9/18/2018,Titao,Burkina Faso
941,59.86.84.40,rehabilitaciondefachadasbilbao.es,es,11/24/2018,Tenkodogo,Burkina Faso
942,67.48.101.185,goldencoins.co,co,1/13/2019,Réo,Burkina Faso
943,164.155.2.152,kukurihime.com,com,7/9/2018,Pô,Burkina Faso
944,212.174.209.29,lecorbusier22.info,info,1/16/2019,Ouahigouya,Burkina Faso
945,189.115.202.30,kornferry.dk,dk,3/13/2019,Ouagadougou,Burkina Faso
946,1.60.224.72,8300regisway.com,com,4/26/2019,Nouna,Burkina Faso
947,90.245.176.147,familiereimann.com,com,10/5/2018,Manga,Burkina Faso
948,137.42.33.146,schoolofsong.ca,ca,11/27/2018,Léo,Burkina Faso
949,215.250.244.105,eyeplastic.net,net,2/13/2019,Koupéla,Burkina Faso
950,100.249.102.242,valleyviewohautorepairshop.com,com,8/8/2018,Koudougou,Burkina Faso
951,204.201.108.180,kidzworld4u.com,com,6/14/2019,Kongoussi,Burkina Faso
952,120.16.246.240,marsraleigh.com,com,8/21/2018,Kombissiri,Burkina Faso
953,136.227.137.80,cincirr.com,com,4/27/2019,Kokologo,Burkina Faso
954,242.152.35.80,power4laptops.org,org,9/24/2018,Kaya,Burkina Faso
955,61.145.78.123,smartmessaging.eu,eu,3/16/2019,Houndé,Burkina Faso
956,106.6.68.236,iee2.com,com,6/3/2019,Gourcy,Burkina Faso
957,1.239.139.56,fastuniforms.com,com,11/26/2018,Garango,Burkina Faso
958,203.107.242.20,winfield.jobs,jobs,4/8/2019,Fada N'gourma,Burkina Faso
959,247.70.35.144,financialbrokeragejobs.com,com,1/5/2019,Dori,Burkina Faso
960,214.50.192.38,katido.de,de,8/16/2018,Djibo,Burkina Faso
961,73.209.112.169,dueneburg.de,de,11/9/2018,Diapaga,Burkina Faso
962,9.210.178.223,aaharkuteer.com,com,9/7/2018,Dédougou,Burkina Faso
963,36.224.210.133,xn--u9j729hh7er5kypo1uf7pdb6c680e.com,com,6/3/2019,Boussé,Burkina Faso
964,11.130.138.92,shauntrim.net,net,1/7/2019,Boulsa,Burkina Faso
965,52.44.172.23,lalav.cn,cn,5/26/2019,Bobo-Dioulasso,Burkina Faso
966,181.210.13.33,airportdataexplorer.com,com,4/23/2019,Banfora,Burkina Faso
967,109.125.52.194,mslaytonbenton.com,com,11/4/2018,Gaoua,Burkina Faso
968,35.40.72.54,pirjettabrander.com,com,4/2/2019,Orodara,Burkina Faso
969,223.190.95.98,hongbofe.xyz,xyz,6/30/2019,Yambol,Bulgaria
970,48.61.145.189,eiusfhg.com,com,7/4/2019,Vratsa,Bulgaria
971,216.97.167.159,henglexiang.cn,cn,7/15/2018,Vidin,Bulgaria
972,219.235.206.15,jinzhongshi.eu,eu,10/20/2018,Velingrad,Bulgaria
973,137.37.173.224,hypheric.net,net,11/26/2018,Veliko Tŭrnovo,Bulgaria
974,66.64.53.114,renedesign.com,com,8/19/2018,Varna,Bulgaria
975,108.99.21.166,desrulez.net,net,1/9/2019,Targovishte,Bulgaria
976,22.21.88.25,clerkbrock.com,com,8/16/2018,Troyan,Bulgaria
977,73.186.37.184,e91fa319.uk,uk,12/15/2018,Dobrich,Bulgaria
978,178.205.195.129,biklo.uk,uk,11/14/2018,Svishtov,Bulgaria
979,211.106.38.22,bhatiamobile.com,com,8/24/2018,Svilengrad,Bulgaria
980,41.75.7.54,vaylit.ru,ru,1/9/2019,Stara Zagora,Bulgaria
981,79.7.199.169,tom-tylor.de,de,4/24/2019,Dupnitsa,Bulgaria
982,118.66.72.234,joyou-shop.com,com,3/11/2019,Sofia,Bulgaria
983,80.1.157.191,rentpayment.io,io,9/30/2018,Smolyan,Bulgaria
984,56.212.50.140,bscapply.cn,cn,6/11/2019,Sliven,Bulgaria
985,87.4.223.18,clubfusionz.com,com,9/21/2018,Silistra,Bulgaria
986,153.24.161.242,classroombulletproof.com,com,1/31/2019,Shumen,Bulgaria
987,39.71.24.6,scottzonemedia.eu,eu,10/19/2018,Sevlievo,Bulgaria
988,43.151.110.144,chriskoble.me,me,7/21/2018,Sandanski,Bulgaria
989,144.107.201.77,stoneandwoodfurniture.com.au,com,8/7/2018,Samokov,Bulgaria
990,74.172.146.125,easyalibi.com,com,10/9/2018,Ruse,Bulgaria
991,248.224.212.127,razororb.com,com,4/7/2019,Razgrad,Bulgaria
992,6.187.216.212,margarita-zavala.org,org,3/12/2019,Rakovski,Bulgaria
993,29.79.207.114,vhfclub.org,org,3/10/2019,Popovo,Bulgaria
994,67.149.196.90,forevents.ch,ch,8/8/2018,Plovdiv,Bulgaria
995,213.226.16.110,northwestautomation.net,net,12/15/2018,Pleven,Bulgaria
996,32.104.105.1,partitiondesigner.com,com,2/15/2019,Petrich,Bulgaria
997,8.246.119.219,ctcf-inc.com,com,12/21/2018,Peshtera,Bulgaria
998,27.210.227.249,emedicalsupplier.com,com,8/11/2018,Pernik,Bulgaria
999,41.167.17.132,cajamarcatravel.com,com,9/15/2018,Pazardzhik,Bulgaria
1000,55.241.9.238,houstonprobatelawyers.biz,biz,2/11/2019,Fushë-Muhurr,
